host,n,k,gamma,beta,num_rows,sigma_inv_percoord,sigma_onaxis,marked_vs_unmarked_residual_ratio,mu_clean,mu_pred_gaussian_model,mu_emp,rows_needed_alpha1e6_power0.9,decimals,seed
tanh_flow+q0,64,4,2.0,0.05,2000,0.14803642618593538,0.1351599143881778,0.9989800659664565,0.9518204503812224,0.22456684214840456,0.24765064446400978,894,0,0
tanh_flow+q1,64,4,2.0,0.05,2000,0.014714803385654604,0.013381481888655919,1.003045083952773,0.9518204503812224,0.9384413913008084,0.9393450103760376,63,1,0
tanh_flow+q2,64,4,2.0,0.05,2000,0.001463703879816223,0.0013331788670479408,1.003665676834845,0.9518204503812224,0.9516867188574863,0.9502941569336599,61,2,0
tanh_flow+q3,64,4,2.0,0.05,2000,0.0001475011402500775,0.0001332046246480199,0.9946790332472827,0.9518204503812224,0.9518191152444295,0.9524899586895157,61,3,0
tanh_flow+q4,64,4,2.0,0.05,2000,1.4746716561442922e-05,1.3275016848253501e-05,1.0002017935393077,0.9518204503812224,0.951820437120792,0.9524859255960729,61,4,0
tanh_flow+q0,64,4,2.0,0.05,2000,0.1478943537808522,0.1541366776240066,1.0011214998687985,0.9518204503812224,0.1454984229999649,0.14792588015320174,2505,0,1
tanh_flow+q1,64,4,2.0,0.05,2000,0.014716399751744748,0.015452057303868871,1.0011902320090638,0.9518204503812224,0.9340225937069846,0.9344671928576272,63,1,1
tanh_flow+q2,64,4,2.0,0.05,2000,0.0014707698865045874,0.001548732317536972,0.9999866097640464,0.9518204503812224,0.9516399828781886,0.9518886637087962,61,2,1
tanh_flow+q3,64,4,2.0,0.05,2000,0.0001475475277795218,0.00015366912198262688,0.9958727972205237,0.9518204503812224,0.9518186734923123,0.9522562319853745,61,3,1
tanh_flow+q4,64,4,2.0,0.05,2000,1.4705851332206353e-05,1.5224022233241649e-05,1.0046923974068322,0.9518204503812224,0.9518204329412306,0.9519522569799188,61,4,1
