rho,rep,m,row_auc,power,fdr,num_flagged,rho_hat,rho_se
0.02,0,1500,0.9994557823129252,0.5,0.0,15,0.02604323748451119,0.010084965382149083
0.02,1,1500,0.9974149659863946,0.2,0.0,6,0.033008265004096794,0.010372885679914809
0.02,2,1500,0.9994557823129252,0.7333333333333333,0.043478260869565216,23,0.017243376847336754,0.010254608485440927
0.02,3,1500,0.9999319727891156,0.6333333333333333,0.0,19,0.034700750627652974,0.010229887732759292
0.02,4,1500,0.9989795918367347,0.5666666666666667,0.05555555555555555,18,0.03183388347833454,0.010143688455194765
0.05,0,1500,0.9992888888888889,0.8933333333333333,0.06944444444444445,72,0.037559275948193464,0.010837877054410913
0.05,1,1500,0.9991953216374269,0.9333333333333333,0.09090909090909091,77,0.061744845666546165,0.010975625108352738
0.05,2,1500,0.9995695906432749,0.9466666666666667,0.0273972602739726,73,0.056620795576852935,0.010708316229204427
0.05,3,1500,0.9994198830409357,0.9066666666666666,0.02857142857142857,70,0.03439554930125161,0.010964339811959637
0.05,4,1500,0.999672514619883,0.96,0.02702702702702703,74,0.054543518959284505,0.010830589616490686
0.1,0,1500,0.9997086419753086,1.0,0.044585987261146494,157,0.09670957971128435,0.011929620583995165
0.1,1,1500,0.9993432098765432,0.98,0.03289473684210526,152,0.08888178655887181,0.012009639268577869
0.1,2,1500,0.9990370370370371,0.98,0.07547169811320754,159,0.10113849473751653,0.012245522608358895
0.1,3,1500,0.9996543209876543,0.9866666666666667,0.032679738562091505,153,0.10079825117556415,0.011712586137171547
0.1,4,1500,0.9979604938271605,0.9733333333333334,0.0759493670886076,158,0.10561191172223537,0.01192381562556831
0.2,0,1500,0.9986805555555556,1.0,0.04153354632587859,313,0.1973283816152408,0.013530668250490768
0.2,1,1500,0.9990527777777778,1.0,0.038461538461538464,312,0.18780469227052313,0.013496705883562398
0.2,2,1500,0.998025,1.0,0.05063291139240506,316,0.2180126777784674,0.013226191849038817
0.2,3,1500,0.9993861111111111,1.0,0.038461538461538464,312,0.20313728437361164,0.013317778455090103
0.2,4,1500,0.9985055555555555,1.0,0.04153354632587859,313,0.1932036055484778,0.013330964015084658
0.4,0,1500,0.9980944444444444,1.0,0.03691813804173355,623,0.41017158422176003,0.014450060243156244
0.4,1,1500,0.9996537037037037,1.0,0.02280130293159609,614,0.4052354002237701,0.014543003347765183
0.4,2,1500,0.9987518518518519,1.0,0.04,625,0.405729534235518,0.014582000568731815
0.4,3,1500,0.9992388888888889,1.0,0.030694668820678513,619,0.3993099546425204,0.01474292064958072
0.4,4,1500,0.9997037037037036,1.0,0.021207177814029365,613,0.3793315719478979,0.015006516242998164
0.6,0,1500,0.9997259259259259,1.0,0.013157894736842105,912,0.6106699833399069,0.013706841567554062
0.6,1,1500,0.9986722222222222,1.0,0.018538713195201745,917,0.608557422704265,0.013833770378493851
0.6,2,1500,0.9996759259259259,1.0,0.024918743228602384,923,0.6026897635022204,0.014010148860605648
0.6,3,1500,0.9990277777777777,1.0,0.021739130434782608,920,0.6008192206435513,0.013939811075329269
0.6,4,1500,0.9998703703703704,1.0,0.01639344262295082,915,0.6012299802139222,0.013860674160282511
0.8,0,1500,1.0,1.0,0.008264462809917356,1210,0.797501787942779,0.011376955474473639
0.8,1,1500,0.9991694444444444,1.0,0.01639344262295082,1220,0.8109471462984,0.010705579319884737
0.8,2,1500,0.9991638888888889,1.0,0.011532125205930808,1214,0.8031621716013732,0.01119377249846619
0.8,3,1500,0.9993361111111111,1.0,0.014778325123152709,1218,0.7972101493693612,0.011353589902541426
0.8,4,1500,0.9998555555555556,1.0,0.011532125205930808,1214,0.8023178436348624,0.011119956416982199
