host,n,k,gamma,beta,num_rows,sigma_inv_percoord,sigma_onaxis,marked_vs_unmarked_residual_ratio,mu_clean,mu_pred_gaussian_model,mu_emp,rows_needed_alpha1e6_power0.9,seed
tanh_flow,64,4,2.0,0.02,1000,1.3607192927134615e-15,1.2930332368165737e-15,0.9967082138248741,0.9921346221529892,0.9921346221529892,0.992195124879401,56,0
tanh_flow,64,4,2.0,0.05,1000,1.3601185287470133e-15,1.284009795105336e-15,0.9952201918407818,0.9518204503812224,0.9518204503812224,0.9524368537192885,61,0
tanh_flow,64,4,2.0,0.1,1000,1.3493494532774755e-15,1.293705686520054e-15,1.0060649792510858,0.8204637348738892,0.8204637348738892,0.8201047563476708,82,0
tanh_flow,64,8,2.0,0.02,1000,1.3497748487647152e-15,1.3461348733617193e-15,0.9996961002985666,0.9921346221529892,0.9921346221529892,0.9921431768725701,56,0
tanh_flow,64,8,2.0,0.05,1000,1.3548055221552477e-15,1.3461790954950174e-15,0.9969518928939215,0.9518204503812224,0.9518204503812224,0.950918816222084,61,0
tanh_flow,64,8,2.0,0.1,1000,1.3475144134034407e-15,1.3350683395513094e-15,1.0031132674072505,0.8204637348738892,0.8204637348738892,0.8267487745674779,81,0
tanh_flow,64,16,2.0,0.02,1000,1.3481893168477982e-15,1.3493860534299877e-15,0.9979895255689669,0.9921346221529892,0.9921346221529892,0.9922449981282248,56,0
tanh_flow,64,16,2.0,0.05,1000,1.365451235799933e-15,1.3702992654164499e-15,0.9926627178966028,0.9518204503812224,0.9518204503812224,0.9521141582591737,61,0
tanh_flow,64,16,2.0,0.1,1000,1.3447882415553661e-15,1.3386018087318741e-15,0.9990685891851727,0.8204637348738892,0.8204637348738892,0.8186590881755368,82,0
tanh_flow,64,4,2.0,0.02,1000,1.3552949739108912e-15,1.352686378743768e-15,0.9960718820695177,0.9921346221529892,0.9921346221529892,0.992143827069145,56,1
tanh_flow,64,4,2.0,0.05,1000,1.3520267614927672e-15,1.3262442303887203e-15,1.0003201913119115,0.9518204503812224,0.9518204503812224,0.9512933357221441,61,1
tanh_flow,64,4,2.0,0.1,1000,1.3434729887308423e-15,1.3212175281089612e-15,1.004614973846337,0.8204637348738892,0.8204637348738892,0.8198860214251138,82,1
tanh_flow,64,8,2.0,0.02,1000,1.3415991566872844e-15,1.3568816738426694e-15,1.0121154513468376,0.9921346221529892,0.9921346221529892,0.9923191688959468,56,1
tanh_flow,64,8,2.0,0.05,1000,1.355425619049868e-15,1.386466891063186e-15,1.000377443584108,0.9518204503812224,0.9518204503812224,0.9517306401727476,61,1
tanh_flow,64,8,2.0,0.1,1000,1.3456927763341102e-15,1.3771330699877375e-15,1.0083040067487317,0.8204637348738892,0.8204637348738892,0.819543504598357,82,1
tanh_flow,64,16,2.0,0.02,1000,1.3556063798200865e-15,1.3517981663409668e-15,0.988800439243325,0.9921346221529892,0.9921346221529892,0.9921888805282143,56,1
tanh_flow,64,16,2.0,0.05,1000,1.3581204266071613e-15,1.3627091770240502e-15,0.9930949800801919,0.9518204503812224,0.9518204503812224,0.9516789431532057,61,1
tanh_flow,64,16,2.0,0.1,1000,1.3488000347006826e-15,1.339932993874187e-15,1.0029799542851476,0.8204637348738892,0.8204637348738892,0.8202731864818615,82,1
