k,beta,nseeds,sigma_onaxis_mean,sigma_onaxis_std,mu_emp_mean,mu_emp_std,rows_needed_alpha1e6_power0.9_mean,rows_needed_alpha1e6_power0.9_std
4,0.02,2,1.3228598077801709e-15,4.2181141175802584e-17,0.992169475974273,3.6273029492062916e-05,56.0,0.0
4,0.05,2,1.3051270127470282e-15,2.986425558846547e-17,0.9518650947207163,0.0008085893301896681,61.0,0.0
4,0.1,2,1.3074616073145075e-15,1.9453809750446403e-17,0.8199953888863922,0.00015466894702235025,82.0,0.0
8,0.02,2,1.3515082736021943e-15,7.599135496138711e-18,0.9922311728842585,0.0001244451531644082,56.0,0.0
8,0.05,2,1.3663229932791018e-15,2.848777344530942e-17,0.9513247281974158,0.0005740462206438796,61.0,0.0
8,0.1,2,1.3561007047695236e-15,2.974425614038247e-17,0.8231461395829174,0.005094895255445141,81.5,0.7071067811865476
16,0.02,2,1.3505921098854773e-15,1.7056213963409905e-18,0.9922169393282195,3.968113551130517e-05,56.0,0.0
16,0.05,2,1.36650422122025e-15,5.367002972071103e-18,0.9518965507061896,0.0003077435527047953,61.0,0.0
16,0.1,2,1.3392674013030304e-15,9.412900411441759e-19,0.8194661373286991,0.001141339857903953,82.0,0.0
