attack,intensity,nseeds,stat_mean,stat_std,log10p_mean,log10p_std
none,0,5,0.9487948179214243,0.0009759340359335988,-300.0,0.0
cell_noise,0.02,5,0.9190852373509321,0.0016129055887198946,-300.0,0.0
cell_noise,0.05,5,0.7797154327938336,0.003319315880520164,-300.0,0.0
cell_noise,0.1,5,0.4314866883152833,0.005822171568119535,-242.60716475400218,6.534877101842033
cell_noise,0.2,5,0.04440619371703962,0.0021609970687010457,-2.574036425117826,0.25045502872301656
round_sig,3,5,0.9485838968005996,0.0009421184805396164,-300.0,0.0
round_sig,2,5,0.9254475653161822,0.0033095656656622514,-300.0,0.0
affine_rescale,1,5,0.9487948179214245,0.0009759340359335587,-300.0,0.0
winsorize,0.01,5,0.8016775173634748,0.00560235271004882,-300.0,0.0
edit_rows,0.3,5,0.6389235314782953,0.014065934778809061,-300.0,0.0
edit_rows,0.6,5,0.36887601448376717,0.0068351810835357565,-177.33141359584425,6.537474787881113
subsample,0.2,5,0.8098182848123516,0.02878963594868291,-171.0604479089875,12.268528428029546
reimpute,0.05,5,0.14900104414712492,0.016711353046558453,-29.216805079232085,6.447774396538283
