attack,intensity,seed,stat,log10p
none,0,0,0.9496355319277636,-300.0
cell_noise,0.02,0,0.920987959452302,-300.0
cell_noise,0.05,0,0.7829171047286154,-300.0
cell_noise,0.1,0,0.4263844688989652,-236.86905105668043
cell_noise,0.2,0,0.04701041743860648,-2.8793455075465713
round_sig,3,0,0.9490670397962236,-300.0
round_sig,2,0,0.929934083610791,-300.0
affine_rescale,1,0,0.9496355319277637,-300.0
winsorize,0.01,0,0.7963682297459492,-300.0
edit_rows,0.3,0,0.6436443222290543,-300.0
edit_rows,0.6,0,0.3712543799766804,-179.57618383516456
subsample,0.2,0,0.7819415561850418,-159.32508183505362
reimpute,0.05,0,0.12631150730375063,-20.78698015446594
none,0,1,0.9479140357799606,-300.0
cell_noise,0.02,1,0.9196415935421355,-300.0
cell_noise,0.05,1,0.7805158781070963,-300.0
cell_noise,0.1,1,0.4362851425808062,-247.99699201029262
cell_noise,0.2,1,0.04441236838251323,-2.5698834818468463
round_sig,3,1,0.9479088777635925,-300.0
round_sig,2,1,0.9272416172787016,-300.0
affine_rescale,1,1,0.9479140357799606,-300.0
winsorize,0.01,1,0.8061356777925415,-300.0
edit_rows,0.3,1,0.6583859701590239,-300.0
edit_rows,0.6,1,0.3582639356751567,-167.22906093154063
subsample,0.2,1,0.7865215645781944,-161.19695383126427
reimpute,0.05,1,0.15914080974110337,-32.99656208421334
none,0,2,0.9498166698224066,-300.0
cell_noise,0.02,2,0.9199749782258427,-300.0
cell_noise,0.05,2,0.7826753455528668,-300.0
cell_noise,0.1,2,0.43329428938753417,-244.6084730424341
cell_noise,0.2,2,0.046063924213631875,-2.764568988675427
round_sig,3,2,0.9495757871390775,-300.0
round_sig,2,2,0.9231515303760022,-300.0
affine_rescale,1,2,0.9498166698224066,-300.0
winsorize,0.01,2,0.797451703729376,-300.0
edit_rows,0.3,2,0.6241538883987328,-300.0
edit_rows,0.6,2,0.3672702978863837,-175.74265392401963
subsample,0.2,2,0.8538958410661627,-189.9963939509379
reimpute,0.05,2,0.1493999445442658,-29.080805957281623
none,0,3,0.9476710434428247,-300.0
cell_noise,0.02,3,0.9172145621140286,-300.0
cell_noise,0.05,3,0.7765377339045929,-300.0
cell_noise,0.1,3,0.43714315306348345,-248.97338671875735
cell_noise,0.2,3,0.042128808791183484,-2.312405133991747
round_sig,3,3,0.9473014461157254,-300.0
round_sig,2,3,0.9215506463199679,-300.0
affine_rescale,1,3,0.9476710434428249,-300.0
winsorize,0.01,3,0.8090500610678599,-300.0
edit_rows,0.3,3,0.6262205035823841,-300.0
edit_rows,0.6,3,0.37082752742372144,-179.16348305249772
subsample,0.2,3,0.8170754472290495,-173.96419923742056
reimpute,0.05,3,0.16966185583439622,-37.503689326515435
none,0,4,0.9489368086341665,-300.0
cell_noise,0.02,4,0.9176070934203513,-300.0
cell_noise,0.05,4,0.7759311016759964,-300.0
cell_noise,0.1,4,0.4243263876456273,-234.5879209418465
cell_noise,0.2,4,0.04241544975926303,-2.343979013528537
round_sig,3,4,0.9490663331883797,-300.0
round_sig,2,4,0.9253599489954484,-300.0
affine_rescale,1,4,0.9489368086341665,-300.0
winsorize,0.01,4,0.7993819144816472,-300.0
edit_rows,0.3,4,0.6422129730222814,-300.0
edit_rows,0.6,4,0.37676393145689374,-184.94568623599875
subsample,0.2,4,0.8096570150033094,-170.8196106902611
reimpute,0.05,4,0.1404911033121085,-25.715987873684096
