gamma,beta,sigma,mu_hat,mu_theory,m,k
2.0,0.05,0.0,0.952035787408162,0.9518204503812224,20000,4
2.0,0.05,0.025,0.9061126413434537,0.9059342105808255,20000,4
2.0,0.05,0.05,0.7800075500567001,0.7811268129741635,20000,4
2.0,0.05,0.07500000000000001,0.6098040517868903,0.6101402676355984,20000,4
2.0,0.05,0.1,0.4361496392065954,0.4317388076669337,20000,4
2.0,0.05,0.125,0.27821729870560113,0.27675517115972004,20000,4
2.0,0.05,0.15000000000000002,0.1604873469814154,0.16071398063656758,20000,4
2.0,0.05,0.17500000000000002,0.08947151883568996,0.08454634328748804,20000,4
2.0,0.05,0.2,0.04249598618834797,0.04029203999276802,20000,4
2.0,0.05,0.225,0.014155454201644414,0.017395100452719178,20000,4
2.0,0.05,0.25,0.010601231698863558,0.006803272752347324,20000,4
4.0,0.05,0.0,0.9518161250223713,0.9518424680373752,20000,4
4.0,0.05,0.025,0.7825190160622959,0.7812895068029357,20000,4
4.0,0.05,0.05,0.4309391691948236,0.4320686271947854,20000,4
4.0,0.05,0.07500000000000001,0.16240186113499436,0.16098570070324233,20000,4
4.0,0.05,0.1,0.03884068051172356,0.040412498278496724,20000,4
4.0,0.05,0.125,0.009352404616832783,0.006834990632375217,20000,4
4.0,0.05,0.15000000000000002,0.000158633788396369,0.0007788502720477176,20000,4
4.0,0.05,0.17500000000000002,-0.0016808291014942616,5.9794860340342856e-05,20000,4
4.0,0.05,0.2,0.00117722165699798,3.092911999362826e-06,20000,4
4.0,0.05,0.225,0.001615592725929735,1.0778668089256133e-07,20000,4
4.0,0.05,0.25,-0.0007968281734426693,2.5307920512208106e-09,20000,4
2.0,0.15,0.0,0.6403245581501691,0.6397803007356634,20000,4
2.0,0.15,0.025,0.608536983218474,0.6086358178948525,20000,4
2.0,0.15,0.05,0.5248837843507519,0.5240074190420586,20000,4
2.0,0.15,0.07500000000000001,0.41065591273382107,0.40829179370003055,20000,4
2.0,0.15,0.1,0.2866705584992078,0.2879102670473519,20000,4
2.0,0.15,0.125,0.18518089821147526,0.18373713479806966,20000,4
2.0,0.15,0.15000000000000002,0.10668288254663277,0.1061182338022273,20000,4
2.0,0.15,0.17500000000000002,0.05422127927370687,0.05546721653774939,20000,4
2.0,0.15,0.2,0.026146070747015995,0.026238319625999453,20000,4
2.0,0.15,0.225,0.012376045100031867,0.011232823885722934,20000,4
2.0,0.15,0.25,0.004081484941391595,0.004352062940118233,20000,4
