attack,intensity,seed,mu_emp,tpr@1e-6(400rows)
none,0,0,0.9517124677405517,1.0
cell_noise,0.02,0,0.9176304103004719,1.0
cell_noise,0.05,0,0.7485501179070465,1.0
cell_noise,0.1,0,0.3715446130092805,1.0
cell_noise,0.2,0,0.024606116386545522,0.0
round_sig,3,0,0.9516143973319514,1.0
round_sig,2,0,0.9379286552952096,1.0
winsorize,0.01,0,0.7491840959094971,1.0
edit_rows,0.3,0,0.6672986384718748,1.0
edit_rows,0.6,0,0.3796584982735926,1.0
few_cells,50,0,0.9266655087337317,1.0
none,0,1,0.9513209957404788,1.0
cell_noise,0.02,1,0.9170267302252612,1.0
cell_noise,0.05,1,0.7539935868315765,1.0
cell_noise,0.1,1,0.37949630321380734,1.0
cell_noise,0.2,1,0.027979328116074818,0.0
round_sig,3,1,0.9512239556426849,1.0
round_sig,2,1,0.9373423056256862,1.0
winsorize,0.01,1,0.7495037636024143,1.0
edit_rows,0.3,1,0.6635305374332999,1.0
edit_rows,0.6,1,0.38573578170289874,1.0
few_cells,50,1,0.9264400609387416,1.0
