attack,intensity,nseeds,mu_emp_mean,mu_emp_std,tpr@1e-6(400rows)_mean,tpr@1e-6(400rows)_std
none,0,2,0.9515167317405153,0.0002768125058962404,1.0,0.0
cell_noise,0.02,2,0.9173285702628665,0.0004268662748487065,1.0,0.0
cell_noise,0.05,2,0.7512718523693115,0.0038491137897133775,1.0,0.0
cell_noise,0.1,2,0.3755204581115439,0.005622694065515581,1.0,0.0
cell_noise,0.2,2,0.02629272225131017,0.002385220888328167,0.0,0.0
round_sig,3,2,0.9514191764873181,0.0002760839661382704,1.0,0.0
round_sig,2,2,0.9376354804604479,0.0004146118274665033,1.0,0.0
winsorize,0.01,2,0.7493439297559557,0.00022603919338804428,1.0,0.0
edit_rows,0.3,2,0.6654145879525873,0.0026644497965723373,1.0,0.0
edit_rows,0.6,2,0.38269713998824567,0.004297288324055004,1.0,0.0
few_cells,50,2,0.9265527848362367,0.0001594156646409892,1.0,0.0
