budget_l2,nseeds,mu_keyed_mean,mu_keyed_std,mu_keyless_mean,mu_keyless_std,mu_keyed_theory_mean,mu_keyed_theory_std,mu_keyless_theory_mean,mu_keyless_theory_std,keyless_cell_rmse_stdunits_mean,keyless_cell_rmse_stdunits_std
0.0,2,0.9523389969332521,0.0006512918019627222,0.9523389969332521,0.0006512918019627222,0.9518204503812224,0.0,0.9518204503812224,0.0,0.0,0.0
0.14545454545454548,2,0.6307116623105,0.00038098988933484446,0.9281434930634163,0.0005857209330526757,0.6265516998484846,0.0,0.9272677365882598,0.0,0.018534357381114683,8.180787802946181e-05
0.29090909090909095,2,0.17694959263262736,0.003253333164777037,0.8562045760280903,0.0004656848204180586,0.17871563782648903,0.0,0.8573447679360463,0.0,0.03705721900314543,0.0001641352973812103
0.4363636363636364,2,0.017640122795676907,0.003193801145734976,0.7513364221802066,0.002442811061637378,0.02208879172322011,0.0,0.7523260321891934,0.0,0.05565867398736334,0.0002690658772906592
0.5818181818181819,2,0.001640796438877135,0.0030436834418905933,0.6227593745064766,0.003154918887595536,0.0011830010413358813,0.0,0.6265516998484846,0.0,0.07405348505800954,9.000022392319003e-05
0.7272727272727274,2,-0.005159458545130631,0.002008175953737679,0.49312872599473595,0.0028177617200084632,2.745377408097791e-05,0.0,0.49523116898739833,0.0,0.09250732705696713,0.0005768895484680289
0.8727272727272728,2,-0.002419295738804691,0.0003453437894034387,0.3755234309915473,0.0011622149673205994,2.7607224444177363e-07,0.0,0.3715003812321908,0.0,0.11101375542018213,0.0004144938068394208
1.0181818181818183,2,-0.0022017060575195875,0.003373340099230537,0.26930057833453863,0.0005223563749205141,1.2029489529302079e-09,0.0,0.2644909350982053,0.0,0.12957019305006684,0.00037262527980295193
1.1636363636363638,2,0.003086106291096387,0.0034488671914305285,0.183115260166765,0.0002792158584017484,2.271304769158675e-12,0.0,0.17871563782648903,0.0,0.14786728607556998,0.0003948377292310622
1.3090909090909093,2,0.0007234876474008639,0.007778490768090199,0.11326473471517079,0.002192683596770611,1.8582638957803633e-15,0.0,0.11460789975774538,0.0,0.16595021713098154,0.0005254710527350031
1.4545454545454548,2,0.001231430380676289,0.0019232272010118805,0.06797690890740246,0.0045797655545922,6.587841280167855e-19,0.0,0.06975362586305342,0.0,0.18452663776008688,0.0004043601704132985
1.6,2,0.0033649053061338675,0.006236876101296477,0.041298417495965974,0.001361719408902457,1.0120049279776221e-22,0.0,0.04029203999276802,0.0,0.20289851410432097,0.00037791653606993644
