budget_l2,seed,mu_keyed,mu_keyless,mu_keyed_theory,mu_keyless_theory,keyless_cell_rmse_stdunits
0.0,0,0.9527995297829511,0.9527995297829511,0.9518204503812224,0.9518204503812224,0.0
0.14545454545454548,0,0.6309810628448123,0.9285576603070607,0.6265516998484846,0.9272677365882598,0.018592204286423795
0.29090909090909095,0,0.1792500465749003,0.8565338649225036,0.17871563782648903,0.8573447679360463,0.037173280184955755
0.4363636363636364,0,0.019898481243587472,0.7530637504470479,0.02208879172322011,0.7523260321891934,0.055848932293781475
0.5818181818181819,0,0.0037930056404231844,0.6205285099669642,0.0011830010413358813,0.6265516998484846,0.07411712482665393
0.7272727272727274,0,-0.0037394637104269557,0.4911362675747501,2.745377408097791e-05,0.49523116898739833,0.09291524956868452
0.8727272727272728,0,-0.0021751008034768607,0.37634524107613615,2.7607224444177363e-07,0.3715003812321908,0.11130684680175812
1.0181818181818183,0,0.00018360560189482645,0.26966994006944095,1.2029489529302079e-09,0.2644909350982053,0.12983367891225703
1.1636363636363638,0,0.005524823669568716,0.18291782473987428,2.271304769158675e-12,0.17871563782648903,0.14814647851137755
1.3090909090909093,0,-0.0047767359221126725,0.11171427327489779,1.8582638957803633e-15,0.11460789975774538,0.1663217812756877
1.4545454545454548,0,0.002591357376274213,0.06473852562750575,6.587841280167855e-19,0.06975362586305342,0.18481256357862785
1.6,0,0.007775042690780923,0.04033553646785771,1.0120049279776221e-22,0.04029203999276802,0.20316574144969854
0.0,1,0.951878464083553,0.951878464083553,0.9518204503812224,0.9518204503812224,0.0
0.14545454545454548,1,0.6304422617761879,0.9277293258197717,0.6265516998484846,0.9272677365882598,0.018476510475805567
0.29090909090909095,1,0.17464913869035442,0.8558752871336771,0.17871563782648903,0.8573447679360463,0.036941157821335106
0.4363636363636364,1,0.01538176434776634,0.7496090939133653,0.02208879172322011,0.7523260321891934,0.05546841568094521
0.5818181818181819,1,-0.0005114127626689142,0.6249902390459888,0.0011830010413358813,0.6265516998484846,0.07398984528936514
0.7272727272727274,1,-0.006579453379834306,0.4951211844147218,2.745377408097791e-05,0.49523116898739833,0.09209940454524974
0.8727272727272728,1,-0.0026634906741325216,0.37470162090695835,2.7607224444177363e-07,0.3715003812321908,0.11072066403860616
1.0181818181818183,1,-0.004587017716934001,0.2689312165996363,1.2029489529302079e-09,0.2644909350982053,0.12930670718787662
1.1636363636363638,1,0.0006473889126240575,0.18331269559365568,2.271304769158675e-12,0.17871563782648903,0.14758809363976239
1.3090909090909093,1,0.0062237112169144,0.1148151961554438,1.8582638957803633e-15,0.11460789975774538,0.1655786529862754
1.4545454545454548,1,-0.00012849661492163512,0.07121529218729918,6.587841280167855e-19,0.06975362586305342,0.18424071194154587
1.6,1,-0.0010452320785131882,0.04226129852407424,1.0120049279776221e-22,0.04029203999276802,0.20263128675894337
