attack,intensity,nseeds,mu_emp_mean,mu_emp_std,mu_pred_from_residual_mean,mu_pred_from_residual_std,tpr@1e-6(400rows)_mean,tpr@1e-6(400rows)_std,sigma_onaxis_mean,sigma_onaxis_std
none,0,2,0.9510684848169699,0.0001536779167491578,0.9518204503812224,0.0,1.0,0.0,1.3234277800171835e-15,4.1765705507848814e-17
cell_noise,0.01,2,0.9413422622534775,4.310288837044902e-05,0.9423069007082696,0.00013064445305623054,1.0,0.0,0.011272292486360282,7.779002825894136e-05
cell_noise,0.02,2,0.9135999646379018,0.0007157503342818974,0.913794992407102,0.0006396620458497331,1.0,0.0,0.022708982263811725,0.00019495830786247595
cell_noise,0.05,2,0.7410869161874274,0.002039758437911375,0.7408187645460795,0.00017848363341338552,1.0,0.0,0.056304354334008586,2.7063378975679446e-05
cell_noise,0.1,2,0.34827151759249797,0.003363237203912569,0.3471134154496505,0.00261375872110396,1.0,0.0,0.11295921919254749,0.00042161309558701556
cell_noise,0.2,2,0.019616694350546703,0.005450455240150461,0.016078395100276338,0.00042819421100712715,0.0,0.0,0.22720612722259534,0.0007414245701411589
round_sig,4,2,0.9510671423017105,0.0001520732948462479,0.9518184270766024,1.3697667240844164e-07,1.0,0.0,0.00016393158018041294,5.552230040149676e-06
round_sig,3,2,0.9509387659436845,0.000206549589023165,0.9516163170136919,2.1817086517826128e-05,1.0,0.0,0.0016459851323122636,8.809404242538981e-05
round_sig,2,2,0.9311399557385105,0.0014862485386798682,0.9317993922877661,0.0014476272459859197,1.0,0.0,0.016393244238430887,0.000599386786016112
winsorize,0.01,2,0.7413035551606655,0.010523490677026029,0.6476031102412707,0.0003084891224587642,1.0,0.0,0.06979424706038737,4.316670433226101e-05
winsorize,0.05,2,0.15785749545676553,0.018656941176776663,0.04409399585900968,0.001556856485898652,0.0,0.0,0.19713628612857487,0.0011330012389697015
reimpute,0.05,2,0.1993106700848717,0.022239455059569497,0.013562066342669144,0.0010825612529352933,0.0,0.0,0.2319296807068141,0.0021790625271756797
reimpute,0.15,2,0.00848526634915923,0.003286643356277602,2.363389409710367e-06,2.619427507165244e-07,0.0,0.0,0.4040917808254152,0.001738281791680259
edit_rows,0.2,2,0.7602727713611848,0.0009019338978712383,1.2695936557615087e-14,8.665714843393154e-15,1.0,0.0,0.6370025459839566,0.007391722175390154
edit_rows,0.4,2,0.5631657445310694,0.004381848794701166,2.8311999993846596e-29,3.2362426681295945e-29,1.0,0.0,0.9151554142749017,0.010966194648924224
edit_rows,0.6,2,0.3769857958594135,0.003787435189730067,1.1977031400786867e-43,5.395634196831973e-45,1.0,0.0,1.1178214192963245,0.0002549795912214635
edit_rows,0.8,2,0.18786793623329606,0.0025059135519048367,2.419265662475589e-57,5.7558741811851706e-58,0.0,0.0,1.2839673943514929,0.0011832040873932016
few_cells,50,2,0.9394282999950547,0.0009558529360953093,0.8680491960514722,0.0011366695323029984,1.0,0.0,0.03413698719434491,0.00024260647532289135
