attack,intensity,seed,mu_emp,mu_pred_from_residual,tpr@1e-6(400rows),sigma_onaxis,note
none,0,0,0.9511771515140218,0.9518204503812224,1.0,1.3529605936028237e-15,
cell_noise,0.01,0,0.941372740598133,0.9423992802869501,1.0,0.011217286629869691,
cell_noise,0.02,0,0.9141060765529091,0.91424730177739,1.0,0.022571125922273515,
cell_noise,0.05,0,0.7396445891639978,0.7406925575585621,1.0,0.05632349103280411,
cell_noise,0.1,0,0.34589334975887254,0.34526520893357243,1.0,0.11325734467147412,
cell_noise,0.2,0,0.023470748211410847,0.015775616070008377,0.0,0.22773039356388047,
round_sig,4,0,0.9511746743597337,0.9518185239337362,1.0,0.00016000556066831544,
round_sig,3,0,0.9510848185587341,0.9516317440235144,1.0,0.001583693237531135,
round_sig,2,0,0.9321908921587396,0.9328230193300332,1.0,0.015969413777485283,
winsorize,0.01,0,0.748744786780144,0.6478212449916836,1.0,0.06976372359103254,
winsorize,0.05,0,0.17104994507906282,0.04519485963752288,0.0,0.19633513326940663,
reimpute,0.05,0,0.21503633956738674,0.014327552745669495,0.0,0.2303888508172187,
reimpute,0.15,0,0.010809274153724836,2.5486109050246784e-06,0.0,0.402862629982905,
edit_rows,0.2,0,0.7609105349365516,1.8823522287207307e-14,1.0,0.6317758091090911,
edit_rows,0.4,0,0.5662641795279367,5.119569135584341e-29,1.0,0.9074011436748357,
edit_rows,0.6,0,0.37430767475345084,1.1595502447848675e-43,1.0,1.1180017170943413,
edit_rows,0.8,0,0.18609598776767688,2.826267428992849e-57,0.0,1.2831307427177694,
few_cells,50,0,0.9401041900879847,0.8688529427857318,1.0,0.03396543851048433,
none,0,1,0.9509598181199179,0.9518204503812224,1.0,1.2938949664315432e-15,
cell_noise,0.01,1,0.9413117839088221,0.9422145211295891,1.0,0.011327298342850872,
cell_noise,0.02,1,0.9130938527228946,0.913342683036814,1.0,0.022846838605349938,
cell_noise,0.05,1,0.742529243210857,0.740944971533597,1.0,0.05628521763521306,
cell_noise,0.1,1,0.35064968542612346,0.3489616219657286,1.0,0.11266109371362086,
cell_noise,0.2,1,0.01576264048968256,0.016381174130544303,0.0,0.2266818608813102,
round_sig,4,1,0.9509596102436874,0.9518183302194684,1.0,0.00016785759969251043,
round_sig,3,1,0.9507927133286349,0.9516008900038694,1.0,0.001708277027093392,
round_sig,2,1,0.9300890193182814,0.9307757652454991,1.0,0.01681707469937649,
winsorize,0.01,1,0.733862323541187,0.6473849754908578,1.0,0.06982477052974218,
winsorize,0.05,1,0.1446650458344682,0.04299313208049649,0.0,0.1979374389877431,
reimpute,0.05,1,0.1835850006023566,0.012796579939668793,0.0,0.23347051059640953,
reimpute,0.15,1,0.006161258544593622,2.178167914396055e-06,0.0,0.40532093166792543,
edit_rows,0.2,1,0.759635007785818,6.568350828022869e-15,1.0,0.6422292828588219,
edit_rows,0.4,1,0.5600673095342021,5.4283086318497714e-30,1.0,0.9229096848749676,
edit_rows,0.6,1,0.3796639169653762,1.235856035372506e-43,1.0,1.1176411214983075,
edit_rows,0.8,1,0.18963988469891524,2.012263895958329e-57,0.0,1.2848040459852161,
few_cells,50,1,0.9387524099021246,0.8672454493172126,1.0,0.034308535878205496,
