temperature,seed,mean_entropy_nats,stat,log10_pvalue,m
0.25,0,0.4937647008556801,0.19364973557846796,-12.214603991306499,1500
0.5,0,0.9185860254349912,0.36080257303988644,-42.401852088427646,1500
1.0,0,1.3026973795160626,0.5182404506981131,-87.4798825753357,1500
2.0,0,1.5164721964089551,0.6271880529147528,-128.12713900863073,1500
4.0,0,1.5848268053029226,0.6559402310465641,-140.14387177738033,1500
0.25,1,0.5144605236501169,0.2078005757378061,-14.064978339459143,1500
0.5,1,0.9112306027497282,0.3957470442951939,-51.01300823091465,1500
1.0,1,1.3108031438440715,0.5396929435987924,-94.8722180528387,1500
2.0,1,1.5141186769608441,0.6391703756069671,-133.06959978262827,1500
4.0,1,1.584700146070284,0.6698259697427208,-146.14014627740943,1500
