latent_noise,seed,stat,log10_pvalue,sync_intact_frac
0.0,0,0.5956515314498319,-115.56600492140234,1.0
0.01,0,0.5956515314498319,-115.56600492140234,1.0
0.03,0,0.5956515314498319,-115.56600492140234,1.0
0.05,0,0.5956515314498319,-115.56600492140234,1.0
0.1,0,0.5634509767581738,-103.40888296887832,0.9856666666666667
0.2,0,0.22840874601712866,-16.99303819949601,0.7861666666666667
0.4,0,0.016974163561257617,-0.09384742049739447,0.459
0.0,1,0.6072998638621919,-120.13012866577822,1.0
0.01,1,0.6072998638621919,-120.13012866577822,1.0
0.03,1,0.6072998638621919,-120.13012866577822,1.0
0.05,1,0.6072998638621919,-120.13012866577822,1.0
0.1,1,0.5618596013064139,-102.82558477666824,0.9813333333333333
0.2,1,0.23869356878159048,-18.55782223349059,0.7916666666666666
0.4,1,0.027210134776910568,-0.2411609358641255,0.45916666666666667
