dataset,method,alpha,fpr,trials
breast_cancer,mc,0.01,0.0,100
breast_cancer,mc,0.001,0.0,100
breast_cancer,hoeffding,0.01,0.0,100
breast_cancer,hoeffding,0.001,0.0,100
wine,mc,0.01,0.0,100
wine,mc,0.001,0.0,100
wine,hoeffding,0.01,0.0,100
wine,hoeffding,0.001,0.0,100
diabetes,mc,0.01,0.01,100
diabetes,mc,0.001,0.0,100
diabetes,hoeffding,0.01,0.0,100
diabetes,hoeffding,0.001,0.0,100
synthetic_lognormal,mc,0.01,0.02,100
synthetic_lognormal,mc,0.001,0.0,100
synthetic_lognormal,hoeffding,0.01,0.0,100
synthetic_lognormal,hoeffding,0.001,0.0,100
synthetic_correlated_t3,mc,0.01,0.02,100
synthetic_correlated_t3,mc,0.001,0.0,100
synthetic_correlated_t3,hoeffding,0.01,0.0,100
synthetic_correlated_t3,hoeffding,0.001,0.0,100
