gamma,beta,seed,m,mu_theory,S,log10p_hoeffding,p_mc,hgb_auc,cell_rmse
2.0,0.05,0,6000,0.9518204503812224,0.91757673638664,-300.0,0.0003,0.8905397222222222,0.02627855037713767
2.0,0.05,1,6000,0.9518204503812224,0.910881189880584,-300.0,0.0001,0.8408861111111111,0.027943747551356757
2.0,0.05,2,6000,0.9518204503812224,0.9164670144509471,-300.0,0.0006,0.8276281944444446,0.03232202378394905
2.0,0.05,3,6000,0.9518204503812224,0.930265115113846,-300.0,0.0002,0.7685911805555555,0.033071125767567024
2.0,0.05,4,6000,0.9518204503812224,0.9281494456652121,-300.0,0.0002,0.8063443055555556,0.034774323287397234
1.5,0.15,0,6000,0.6385383644545237,0.5208432093296573,-300.0,0.0003,0.747523125,0.03877904000092026
1.5,0.15,1,6000,0.6385383644545237,0.6191441016822727,-300.0,0.0001,0.7034371527777777,0.04078958223528708
1.5,0.15,2,6000,0.6385383644545237,0.598600252135299,-300.0,0.0017,0.7126077777777777,0.04695401836962663
1.5,0.15,3,6000,0.6385383644545237,0.6277986681430539,-300.0,0.0003,0.6698125694444445,0.04871521015711461
1.5,0.15,4,6000,0.6385383644545237,0.6316398950985355,-300.0,0.0005,0.7001478472222222,0.050160150377263256
1.25,0.2,0,6000,0.44495536647583817,0.4108450343658994,-219.91844224566978,0.0002,0.6852513888888889,0.048978852630010984
1.25,0.2,1,6000,0.44495536647583817,0.4215611854170007,-231.5404111547157,0.0002,0.6455488194444445,0.052133949772512934
1.25,0.2,2,6000,0.44495536647583817,0.41953798019576555,-229.32327325789439,0.0026,0.6523381250000001,0.06032661500184087
1.25,0.2,3,6000,0.44495536647583817,0.43824906733112523,-250.23471957798057,0.0006,0.6124840277777779,0.06233996893154975
1.25,0.2,4,6000,0.44495536647583817,0.4572092771131,-272.35517642451447,0.0002,0.6376763194444445,0.06383621686532275
1.0,0.2,0,6000,0.4399249713932958,0.3565166046807058,-165.60181397828669,0.0005,0.6634010416666667,0.060585150497594935
1.0,0.2,1,6000,0.4399249713932958,0.39862869412356283,-207.0344799792395,0.0006,0.6643325694444444,0.06347405938129799
1.0,0.2,2,6000,0.4399249713932958,0.3964367353461471,-204.76387901159424,0.0017,0.667899375,0.074174211511136
1.0,0.2,3,6000,0.4399249713932958,0.43816217069171,-250.13549563412505,0.0008,0.6600612499999999,0.07567657760055384
1.0,0.2,4,6000,0.4399249713932958,0.4332569549694293,-244.56632191425484,0.0012,0.6724038888888889,0.07983874619963523
1.0,0.3,0,6000,0.14421985347252442,0.13777493540915936,-24.731246047870318,0.0013,0.5754736111111111,0.06959929321883276
1.0,0.3,1,6000,0.14421985347252442,0.14680767625159785,-28.080387394112737,0.0001,0.5723950694444444,0.07293525504151512
1.0,0.3,2,6000,0.14421985347252442,0.15484404561619755,-31.23881745227611,0.0013,0.570445625,0.08508093963532426
1.0,0.3,3,6000,0.14421985347252442,0.15602885314781167,-31.718701413504288,0.0014,0.583063125,0.08678390130785825
1.0,0.3,4,6000,0.14421985347252442,0.17116314922187856,-38.170346547483916,0.002,0.5801576388888888,0.09108276381908681
0.8,0.3,0,6000,0.13181535603142347,0.19412169458326567,-49.096859554770155,0.0007,0.5836271527777779,0.08211256180409623
0.8,0.3,1,6000,0.13181535603142347,0.1669645932321444,-36.32071033291563,0.0018,0.5845438888888889,0.08747871222996469
0.8,0.3,2,6000,0.13181535603142347,0.1619920036398147,-34.189497695114625,0.0026,0.5853319444444445,0.10265940102538491
0.8,0.3,3,6000,0.13181535603142347,0.14514819217324695,-27.449145426066096,0.0036,0.6037048611111111,0.10480345191924355
0.8,0.3,4,6000,0.13181535603142347,0.16169491086750934,-34.06420585280763,0.0031,0.5908095833333333,0.10934000623710967
