ks_max,ks_mean,w1_mean_stdunits,corr_maxabsdiff,c2st_logreg,c2st_hgb,pair,rep,m
0.0302,0.017565625,0.0252267014293407,0.06555970113822433,0.5044223999999999,0.4967254,marked_vs_unmarked,0,5000
0.0334,0.018453125,0.02640123824120842,0.07274851317956124,0.5120511999999999,0.5020708,unmarked_vs_unmarked,0,5000
0.1172,0.041984375000000004,0.0856222607089922,0.1045276046228716,0.7430882000000001,0.7021827999999999,signfixed_vs_unmarked(control),0,5000
0.0302,0.01684375,0.023197016875581362,0.08181777073775931,0.49544239999999995,0.49334999999999996,marked_vs_unmarked,1,5000
0.0298,0.0159625,0.022142730338906735,0.0750437668729394,0.48621400000000004,0.5040522000000001,unmarked_vs_unmarked,1,5000
0.1216,0.0414625,0.085263396591812,0.08558645883113632,0.7444952,0.7068849999999999,signfixed_vs_unmarked(control),1,5000
0.0332,0.017406249999999998,0.023932296768824454,0.07406561890235734,0.5005966,0.49763940000000007,marked_vs_unmarked,2,5000
0.0306,0.01708125,0.024571407085628563,0.06775748132072643,0.5062838000000001,0.4901096,unmarked_vs_unmarked,2,5000
0.1114,0.041396875,0.0853123502204875,0.10863272597939971,0.740274,0.7066142,signfixed_vs_unmarked(control),2,5000
