n,k,seed,budget_keyed,budget_keyless,ratio,sqrt_n_over_k
64,1,0,0.1917266845703125,1.5434417724609375,8.050218861918026,8.0
64,1,1,0.1944732666015625,1.6250152587890625,8.355982738328755,8.0
64,1,2,0.1941375732421875,1.5291290283203125,7.876522832665252,8.0
64,1,3,0.1915740966796875,1.5560760498046875,8.12258064516129,8.0
64,1,4,0.1953277587890625,1.5432891845703125,7.901023357550192,8.0
64,4,0,0.3906402587890625,1.5458831787109375,3.9573063552204992,4.0
64,4,1,0.3826141357421875,1.5544586181640625,4.0627318045862415,4.0
64,4,2,0.3827972412109375,1.5508270263671875,4.051301470881333,4.0
64,4,3,0.3868255615234375,1.5625152587890625,4.039327837166187,4.0
64,4,4,0.3827362060546875,1.5308380126953125,3.9997209265239406,4.0
64,16,0,0.7673797607421875,1.5503692626953125,2.0203416118192123,2.0
64,16,1,0.7704620361328125,1.5472869873046875,2.0082585704949203,2.0
64,16,2,0.7714691162109375,1.5469818115234375,2.0052414011353075,2.0
64,16,3,0.7707061767578125,1.5312042236328125,1.9867548357718425,2.0
64,16,4,0.7763824462890625,1.5437164306640625,1.9883453548475856,2.0
