b,m,ber,ber_pred,phase_std_pred,mu,trials
1,50,0.0,5.537991439631006e-14,0.033251017642091,0.4317388076669337,30
1,100,0.0,2.0958652972115125e-26,0.023512020056076072,0.4317388076669337,30
1,200,0.0,4.1931620727030753e-51,0.0166255088210455,0.4317388076669337,30
1,400,0.0,2.35851148378567e-100,0.011756010028038036,0.4317388076669337,30
1,800,0.0,1.051797938898202e-198,0.00831275441052275,0.4317388076669337,30
1,1600,0.0,0.0,0.005878005014019018,0.4317388076669337,30
2,50,0.0020833333333333333,8.52003510811164e-05,0.033251017642091,0.4317388076669337,30
2,100,0.0,5.2911561484049935e-08,0.023512020056076072,0.4317388076669337,30
2,200,0.0,2.768995719815503e-14,0.0166255088210455,0.4317388076669337,30
2,400,0.0,1.0479326486057563e-26,0.011756010028038036,0.4317388076669337,30
2,800,0.0,2.0965810363515377e-51,0.00831275441052275,0.4317388076669337,30
2,1600,0.0,1.179255741892835e-100,0.005878005014019018,0.4317388076669337,30
3,50,0.027777777777777776,0.02005230776430226,0.033251017642091,0.4317388076669337,30
3,100,0.009722222222222222,0.002618526812273413,0.023512020056076072,0.4317388076669337,30
3,200,0.002777777777777778,5.6800234054077604e-05,0.0166255088210455,0.4317388076669337,30
3,400,0.0,3.5274374322699954e-08,0.011756010028038036,0.4317388076669337,30
3,800,0.0,1.8459971465436687e-14,0.00831275441052275,0.4317388076669337,30
3,1600,0.0,6.986217657371708e-27,0.005878005014019018,0.4317388076669337,30
