gamma,samples_per_key,auc,n,trials
0.25,200,0.9233333333333333,32,30
0.25,500,1.0,32,30
0.25,1000,1.0,32,30
0.25,3000,1.0,32,30
0.35,200,0.49777777777777776,32,30
0.35,500,1.0,32,30
0.35,1000,1.0,32,30
0.35,3000,1.0,32,30
0.5,200,0.43555555555555553,32,30
0.5,500,0.54,32,30
0.5,1000,0.39222222222222225,32,30
0.5,3000,0.6155555555555555,32,30
0.75,200,0.5511111111111111,32,30
0.75,500,0.5455555555555556,32,30
0.75,1000,0.5666666666666667,32,30
0.75,3000,0.5766666666666667,32,30
1.0,200,0.6433333333333333,32,30
1.0,500,0.37555555555555553,32,30
1.0,1000,0.5455555555555556,32,30
1.0,3000,0.5266666666666666,32,30
2.0,200,0.4688888888888889,32,30
2.0,500,0.5366666666666666,32,30
2.0,1000,0.4488888888888889,32,30
2.0,3000,0.42333333333333334,32,30
