attack,intensity,seed,ber,payload_bits,m_rows
none,0,0,0.0,16,3000
cell_noise,0.02,0,0.0,16,3000
cell_noise,0.05,0,0.0,16,3000
cell_noise,0.1,0,0.0,16,3000
round_sig,2,0,0.0,16,3000
edit_rows,0.4,0,0.0,16,3000
edit_rows,0.7,0,0.0,16,3000
subsample,0.1,0,0.0,16,300
reimpute,0.1,0,0.0,16,3000
none,0,1,0.0,16,3000
cell_noise,0.02,1,0.0,16,3000
cell_noise,0.05,1,0.0,16,3000
cell_noise,0.1,1,0.0,16,3000
round_sig,2,1,0.0,16,3000
edit_rows,0.4,1,0.0,16,3000
edit_rows,0.7,1,0.0,16,3000
subsample,0.1,1,0.0,16,300
reimpute,0.1,1,0.0,16,3000
